user_id,selected_source,selected_row,selected_class,all_sources
friendlybask121,ghost_in,2,PH_MW_01,ghost_in:2:PH_MW_01;ghost_out:2:PH_MW_16
creativitytex35,ghost_in,3,PH_MW_02,ghost_in:3:PH_MW_02;ghost_out:3:PH_MW_16
photographe7500,ghost_in,4,PH_MW_03,ghost_in:4:PH_MW_03;ghost_out:4:PH_MW_16
reporterstar40y,ghost_in,5,PH_MW_04,ghost_in:5:PH_MW_04;ghost_out:5:PH_MW_16
futurekidmae659,ghost_in,6,PH_MW_05,ghost_in:6:PH_MW_05;ghost_out:6:PH_MW_16
dreamerbrid4391,ghost_in,7,PH_MW_06,ghost_in:7:PH_MW_06;ghost_out:7:PH_MW_16
pixelbasicvex45,ghost_in,8,PH_MW_07,ghost_in:8:PH_MW_07;ghost_out:8:PH_MW_16
robloxtechi2353,ghost_in,9,PH_MW_08,ghost_in:9:PH_MW_08;ghost_out:9:PH_MW_16
scientistme4028,ghost_in,10,PH_MW_09,ghost_in:10:PH_MW_09;ghost_out:10:PH_MW_16
matrixguitar86s,ghost_in,11,PH_MW_10,ghost_in:11:PH_MW_10;ghost_out:11:PH_MW_16
sloshedprom1458,ghost_in,12,PH_MW_11,ghost_in:12:PH_MW_11;ghost_out:12:PH_MW_16
loyalyoutube25v,ghost_in,13,PH_MW_12,ghost_in:13:PH_MW_12;ghost_out:13:PH_MW_16
crystalreadi27q,ghost_in,14,PH_MW_13,ghost_in:14:PH_MW_13;ghost_out:14:PH_MW_16
scientisthon72r,ghost_in,15,PH_MW_14,ghost_in:15:PH_MW_14;ghost_out:15:PH_MW_16
girloptimist97t,ghost_in,16,PH_MW_15,ghost_in:16:PH_MW_15;ghost_out:16:PH_MW_16
crazymoderaz804,ghost_in,17,PH_TT_01,ghost_in:17:PH_TT_01;ghost_out:17:PH_MW_16
inspiredevel75r,ghost_in,18,PH_TT_02,ghost_in:18:PH_TT_02;ghost_out:18:PH_MW_16
daygersigna8614,ghost_in,19,PH_TT_03,ghost_in:19:PH_TT_03;ghost_out:19:PH_MW_16
pokemonscien46i,ghost_in,20,PH_TT_04,ghost_in:20:PH_TT_04;ghost_out:20:PH_MW_16
matrixwriter66a,ghost_in,21,PH_TT_05,ghost_in:21:PH_TT_05;ghost_out:21:PH_MW_16
foodieyeese5072,ghost_in,22,PH_TT_06,ghost_in:22:PH_TT_06;ghost_out:22:PH_MW_16
instagramloy93d,ghost_in,23,PH_TT_07,ghost_in:23:PH_TT_07;ghost_out:23:PH_MW_16
artfitnesss6710,ghost_in,24,PH_TT_08,ghost_in:24:PH_TT_08;ghost_out:24:PH_MW_16
mintexplora9689,ghost_in,25,PH_TT_09,ghost_in:25:PH_TT_09;ghost_out:25:PH_MW_16
leaderflexr351,ghost_in,26,PH_TT_10,ghost_in:26:PH_TT_10;ghost_out:26:PH_MW_16
honestyboldy533,ghost_in,27,PH_TT_11,ghost_in:27:PH_TT_11;ghost_out:27:PH_MW_16
memoriesghos97f,ghost_in,28,PH_TT_12,ghost_in:28:PH_TT_12;ghost_out:28:PH_MW_16
kingorbit89w,ghost_in,29,PH_TT_13,ghost_in:29:PH_TT_13;ghost_out:29:PH_MW_16
valueblackpi93c,ghost_in,30,PH_TT_14,ghost_in:30:PH_TT_14;ghost_out:30:PH_MW_16
nightthrowdop64,ghost_in,31,PH_TT_15,ghost_in:31:PH_TT_15;ghost_out:31:PH_MW_16
baseballmedia68,ghost_in,32,PH_TT_16,ghost_in:32:PH_TT_16;ghost_out:32:PH_MW_16
