row,target_class,id_hash,before_class,before_group_no,after_class,after_group_no,status,message
3,PH_MW_01,032db4bbbe,PH_MW_01,202606_S2_2_10_1900_24_01,PH_MW_01,202606_S2_2_10_1900_24_01,ALREADY_OK,
4,PH_MW_01,63c3f28747,PH_MW_01,202606_S2_2_10_1900_24_01,PH_MW_01,202606_S2_2_10_1900_24_01,ALREADY_OK,
5,PH_MW_01,444fb273bf,PH_MW_01,202606_S2_2_10_1900_24_01,PH_MW_01,202606_S2_2_10_1900_24_01,ALREADY_OK,
6,PH_MW_01,ae98d571bd,PH_MW_01,202606_S2_2_10_1900_24_01,PH_MW_01,202606_S2_2_10_1900_24_01,ALREADY_OK,
7,PH_MW_01,bbc4778d67,PH_MW_01,202606_S2_2_10_1900_24_01,PH_MW_01,202606_S2_2_10_1900_24_01,ALREADY_OK,
8,PH_MW_01,5720524a28,PH_MW_01,202606_S2_2_10_1900_24_01,PH_MW_01,202606_S2_2_10_1900_24_01,ALREADY_OK,
9,PH_MW_01,615705c510,PH_MW_01,202606_S2_2_10_1900_24_01,PH_MW_01,202606_S2_2_10_1900_24_01,ALREADY_OK,
10,PH_MW_02,2f084577bc,PH_MW_02,202606_S2_2_10_1900_24_02,PH_MW_02,202606_S2_2_10_1900_24_02,ALREADY_OK,
11,PH_MW_02,90a159db13,PH_MW_02,202606_S2_2_10_1900_24_02,PH_MW_02,202606_S2_2_10_1900_24_02,ALREADY_OK,
12,PH_MW_02,284326b9eb,PH_MW_02,202606_S2_2_10_1900_24_02,PH_MW_02,202606_S2_2_10_1900_24_02,ALREADY_OK,
13,PH_MW_02,c61678eab6,PH_MW_02,202606_S2_2_10_1900_24_02,PH_MW_02,202606_S2_2_10_1900_24_02,ALREADY_OK,
14,PH_MW_02,86084ca12f,PH_MW_02,202606_S2_2_10_1900_24_02,PH_MW_02,202606_S2_2_10_1900_24_02,ALREADY_OK,
15,PH_MW_02,38a357dd92,PH_MW_02,202606_S2_2_10_1900_24_02,PH_MW_02,202606_S2_2_10_1900_24_02,ALREADY_OK,
16,PH_MW_02,de7638b37c,PH_MW_02,202606_S2_2_10_1900_24_02,PH_MW_02,202606_S2_2_10_1900_24_02,ALREADY_OK,
17,PH_MW_03,6ca13c6ed6,PH_MW_03,202606_S2_2_10_1900_24_03,PH_MW_03,202606_S2_2_10_1900_24_03,ALREADY_OK,
18,PH_MW_03,3ee14cbb18,PH_MW_03,202606_S2_2_10_1900_24_03,PH_MW_03,202606_S2_2_10_1900_24_03,ALREADY_OK,
19,PH_MW_03,d41e60e3d4,PH_MW_03,202606_S2_2_10_1900_24_03,PH_MW_03,202606_S2_2_10_1900_24_03,ALREADY_OK,
20,PH_MW_03,3670fb3ca7,PH_MW_03,202606_S2_2_10_1900_24_03,PH_MW_03,202606_S2_2_10_1900_24_03,ALREADY_OK,
21,PH_MW_03,8723b7c1a1,PH_MW_03,202606_S2_2_10_1900_24_03,PH_MW_03,202606_S2_2_10_1900_24_03,ALREADY_OK,
22,PH_MW_03,74bde36630,PH_MW_03,202606_S2_2_10_1900_24_03,PH_MW_03,202606_S2_2_10_1900_24_03,ALREADY_OK,
